RMSE,MSRE,CE,R2
0.07791886600782921,0.2756915941253412,0.11865690384056804,-0.08235233019494625
0.07693700475084046,0.25510227959568743,0.1618177891782217,-0.05524659396072917
0.07680741681822158,0.2537509777705002,0.20413019284016412,-0.05169480348817124
0.07670226813542749,0.25299462205031537,0.2409881826245459,-0.048817252507298736
0.07659686883164625,0.25225417358511365,0.2722713086038953,-0.045936799053642785
0.07649020156438999,0.2515093751515506,0.2985641990763231,-0.043025726091027394
0.07638202685005366,0.2507583381011958,0.3206178947301243,-0.04007765628362048
0.07627213010496274,0.24999978514975374,0.3391594843226351,-0.03708692857412288
0.07616029651044082,0.249232464177814,0.3548235075483238,-0.034047912080840126
0.0760463099265125,0.24845512747222354,0.36813773112595266,-0.03095497809130321
0.0759299526354918,0.24766652982453494,0.3795310046476903,-0.027802494960413204
0.075811005151269,0.2468654275057087,0.38934817626353063,-0.024584825032464508
0.07568924607125821,0.24605057753398582,0.39786564858220824,-0.021296322954354352
0.07556445197277299,0.2452207372270191,0.4053051826634357,-0.017931335422952
0.07543639735676687,0.24437466404982622,0.411845329054289,-0.0144842024399221
0.07530485464225728,0.2435111157723862,0.4176305777205801,-0.010949260155599383
0.07516959421508636,0.24262885095205808,0.42277855806894277,-0.007320845389961361
0.07503038453498304,0.24172662975715445,0.427385659722884,-0.003593301923950687
0.07488699230517008,0.24080321514889377,0.4315314089251457,0.0002390113419786788
0.07473918270899547,0.23985737443946495,0.4352818780490115,0.0041817102634641445
0.0745867197182505,0.23888788124410426,0.43869234868151075,0.008240373263794565
0.07442936647795467,0.23789351784477725,0.44180939963143884,0.012420526986248737
0.07426688577242142,0.2368730779821979,0.4446725515350527,0.016727629698108037
0.07409904057735563,0.23582537009145574,0.4473155686901064,0.02116705236674643
0.07392559470255439,0.23474922099435447,0.44976749494415447,0.025744057341650972
0.07374631352946347,0.2336434800585684,0.4520534823221363,0.030463774594164272
0.07356096484736901,0.23250702382988583,0.4541954573499289,0.03533117548948295
0.07336931979134523,0.2313387611389206,0.4562126596038855,0.04035104409369639
0.0731711538842241,0.23013763867777964,0.458122079156396,0.04552794605249999
0.07296624818377039,0.2289026470351074,0.4599388135679646,0.0508661951182755
0.07275439053492369,0.2276328271696706,0.4616763605191812,0.05636981744844316
0.07253537692538863,0.22632727729320057,0.46334685866937214,0.0620425138505486
0.07230901294100325,0.2249851601224745,0.4649612866380005,0.06788762020822503
0.07207511531519761,0.22360571044885508,0.4665296279230938,0.07390806638639091
0.0718335135644593,0.22218824296051534,0.46806100796008143,0.08010633398336986
0.07158405169908515,0.22073216023887454,0.4695638082583503,0.08648441337054247
0.07132658999562569,0.21923696083624172,0.4710457615755573,0.09304376053560193
0.07106100681438801,0.21770224732703258,0.47251403130460806,0.09978525432106278
0.07078720044218721,0.21612773421011008,0.4739752776392479,0.10670915472363107
0.07050509093733853,0.21451325552592806,0.475435712595382,0.11381506298877297
0.07021462195072425,0.2128587720391484,0.4769011455776611,0.12110188429598634
0.06991576249380498,0.21116437782661737,0.47837702086960276,0.12856779387947603
0.06960850862178193,0.2094303061022416,0.47986844817723073,0.13621020746298285
0.06929288499792653,0.20765693410560465,0.48138022715615314,0.14402575690209352
0.06896894630353165,0.2058447868807914,0.4829168666917223,0.15201027191869754
0.06863677845717986,0.20399453977676044,0.48448259957093803,0.1601587687767405
0.06829649960723055,0.2021070195114335,0.4860813930831083,0.16846544668301866
0.06794826086276866,0.2001832036592995,0.4877169560011112,0.17692369259894036
0.06759224673086038,0.19822421844711255,0.48939274233158914,0.18552609501792383
0.067228675231934,0.19623133477456814,0.4911119521698516,0.19426446709834266
0.06685779767050186,0.19420596241653934,0.49287752995650147,0.2031298793454076
0.06647989804527098,0.19214964241034024,0.4946921604067275,0.21211270181028496
0.06609529209087198,0.19006403768440946,0.4965582623612845,0.22120265552671803
0.06570432595283061,0.18795092204270558,0.4984779808016094,0.23038887264135732
0.0653073745077864,0.18581216768019757,0.5004531772662151,0.23965996442283122
0.06490483935198817,0.18364973146657634,0.5024854189121292,0.24900409606727603
0.06449714649239309,0.1814656402953982,0.5045759664754987,0.25840906696577826
0.06408474378575806,0.17926197585088027,0.5067257614027019,0.26786239487505537
0.06366809818142338,0.1770408591914669,0.5089354124463262,0.27735140224896215
0.06324769283245528,0.17480443558449435,0.5112051820472553,0.2868633028575437
0.06282402414686297,0.17255486004673443,0.5135349728547689,0.2963852867528892
0.06239759885515737,0.1702942840481241,0.5159243147699221,0.30590460164614963
0.06196893117207039,0.16802484381829186,0.518372352931242,0.31540862884365506
0.061538540128401265,0.16574865065602154,0.5208778370942817,0.3248849520546524
0.061106947143412395,0.16346778357974617,0.5234391128860125,0.33432141762773326
0.06067467389887632,0.1611842845733311,0.5260541154383382,0.34370618509158213
0.06024224056286886,0.15890015657753415,0.5287203659188937,0.3530277672583687
0.05981016439505822,0.15661736425720546,0.5314349714798726,0.36227505958009953
0.05937895874611027,0.15433783744201898,0.5341946291322739,0.37143735891127105
0.05894913244273966,0.15206347700069905,0.5369956340219056,0.38050437230290146
0.05852118952789231,0.14979616277226107,0.5398338925316858,0.38946621690933625
0.05809562930375386,0.14753776305079994,0.5427049405597104,0.3983134125042833
0.057672946605049194,0.1452901450109867,0.5456039672249003,0.4070368684511393
0.05725363221280198,0.14305518537783085,0.5485258441298941,0.41562786723109635
0.05683817330565028,0.14083478059331503,0.5514651601678789,0.42407804678142624
0.05642705383814161,0.13863085572013722,0.554416261698924,0.4323793839210427
0.05602075473405434,0.13644537135240317,0.5573732977467302,0.44052418103377056
0.05561975378826927,0.1342803278757761,0.5603302696867232,0.4485050579424492
0.05522452518315744,0.13213776653324458,0.5632810847178606,0.45631495054889537
0.054835538544498325,0.13001976690242076,0.5662196122437896,0.463947117354212
0.054453257486726435,0.12792844056822525,0.569139742142792,0.4713951544376206
0.0540781376264645,0.12586592097046773,0.5720354437901568,0.4786530188933056
0.05371062407511673,0.12383434960733866,0.5749008246194988,0.48571506014065646
0.05335114845372102,0.12183585897009633,0.5777301869766537,0.4925760579728633
0.053000125504166044,0.11987255275881394,0.5805180820367527,0.4992312657285968
0.05265794939815906,0.11794648407250553,0.5832593596208394,0.5056764565936496
0.052324989867142006,0.11605963237053007,0.5859492128629598,0.5119079707876828
0.052001588291207296,0.1142138800597165,0.58858321683484,0.5179227612804467
0.051688053892058904,0.11241098957123724,0.5911573604267543,0.5237184357147198
0.05138466017381274,0.11065258175369203,0.5936680709986053,0.5292932923831417
0.0510916417462567,0.10894011632931812,0.5961122315439493,0.5346463483948808
0.050809191648896544,0.10727487504566219,0.5984871903394022,0.539777358551436
0.050537459272072725,0.10565794801534868,0.6007907632712287,0.5446868238974849
0.050276548945254955,0.1040902235816857,0.6030212292299898,0.5493759893908947
0.050026519234186204,0.10257238188866179,0.6051773191344572,0.5538468306129967
0.0497873829596818,0.10110489217989052,0.6072581992821503,0.5581020298876598
0.049559107923312765,0.09968801371054489,0.6092634498220537,0.562144942571799
0.049341618300367145,0.09832180003557578,0.6111930392054379,0.5659795546035978
0.049134796639514255,0.09700610634079819,0.613047295493653,0.5696104326373607
0.048938486392202045,0.09574059941255887,0.6148268753917405,0.5730426682523748
0.0487524948833606,0.0945247697969507,0.6165327318378316,0.5762818177994198
0.04857659662844815,0.09335794567929054,0.6181660809163331,0.5793338394498984
0.048410536899936706,0.09223930801596482,0.6197283687837898,0.5822050289497966
0.0482540354484774,0.09116790647041266,0.6212212392061073,0.5849019554661232
0.0481067902894941,0.09014267573876018,0.6226465022097334,0.5874313987610915
0.047968481474078214,0.08916245189460145,0.6240061042520647,0.5898002887520495
0.04783877477300915,0.08822598843275133,0.625302100222612,0.5920156483253546
0.04771732521376406,0.08733197174512687,0.6265366274978548,0.5940845400805614
0.047603780421846126,0.08647903581538492,0.627711882193064,0.5960140174960291
0.04749778372909932,0.08566577597032314,0.6288300976839113,0.5978110808348455
0.04739897702243813,0.08489076157362417,0.6298935254105676,0.5994826379554772
0.047307003316291646,0.08415254759024555,0.6309044179272996,0.601035470057323
0.04722150904080816,0.08344968498686776,0.6318650141208381,0.6024762022788615
0.0471421460453875,0.08278072996520021,0.6327775264903955,0.6038112789750085
0.04706857332334622,0.08214425205051812,0.6336441303601051,0.605046943429972
0.04700045846852278,0.08153884107806057,0.6344669548801406,0.606189221710264
0.04693747887844212,0.08096311313507236,0.635248075664306,0.607243910328042
0.04687932272141605,0.0804157155271249,0.6359895089087606,0.6082165673647784
0.046825689686762616,0.07989533084432822,0.6366932068375404,0.6091125066974299
0.046776291538322974,0.07940068020678637,0.6373610543249446,0.6099367949714773
0.04673085249178452,0.07893052576982448,0.6379948665514861,0.6106942509750499
0.046689109436100586,0.0784836725685651,0.638596387558705,0.6113894470842276
0.04665081201864851,0.07805896977882362,0.6391672895777699,0.6120267124697936
0.04661572261281706,0.07765531146762286,0.6397091730169229,0.6126101377784496
0.046583616185519074,0.07727163690198041,0.6402235670035911,0.6131435810261892
0.04655428008080533,0.07690693047960287,0.6407119303871757,0.6136306744664999
0.04652751373433811,0.07656022133970009,0.6411756531188684,0.6140748322212259
0.0465031283320521,0.0762305827067247,0.6416160579343487,0.6144792584861558
0.04648094642490438,0.07591713101443762,0.6420344022744444,0.6148469561466426
0.04646080151023962,0.07561902485251003,0.6424318803871456,0.6151807356603419
0.046442537588988496,0.07533546377293879,0.6428096255620845,0.6154832240842902
0.046426008706690496,0.07506568698891704,0.6431687124556658,0.6157568741420583
0.04641107848520329,0.0748089719945472,0.6435101594712432,0.6160039732433756
0.04639761965092162,0.07456463312982822,0.6438349311644183,0.6162266523837243
0.04638551356440038,0.07433202011184993,0.6441439406485229,0.6164268948646303
0.046374649755433935,0.07411051654990064,0.6444380519796545,0.6166065447872432
0.04636492546690185,0.07389953845934663,0.644718082504627,0.6167673152820635
0.046356245210038116,0.07369853278664504,0.6449848051583513,0.6169107964465836
0.046348520333205516,0.07350697595559412,0.6452389507001417,0.617038462970365
0.04634166860576479,0.07332437244301916,0.6454812098809465,0.617151681433578
0.04633561381819806,0.07315025339037241,0.6457122355354522,0.6172517172706597
0.04633028539928485,0.07298417525628963,0.6459326445949608,0.6173397413953687
0.04632561805081995,0.07282571851388428,0.6461430200183402,0.6174168364874122
0.046321551400104966,0.07267448639549916,0.6463439126395798,0.6174840029439981
0.04631802967023228,0.0725301036867381,0.6465358429316264,0.6175421645022199
0.046315001368001776,0.07239221557081639,0.6467193026868171,0.6175921735402856
0.04631241898917413,0.07226048652368425,0.6468947566151851,0.6176348160671062
0.04631023874064562,0.07213459925979927,0.6470626438621506,0.6176708164110717
0.04630842027904648,0.07201425372804791,0.6472233794477716,0.6177008416196346
0.04630692646519531,0.07189916615693821,0.6473773556299395,0.617725505581983
0.04630572313379464,0.0717890681479301,0.6475249431941688,0.6177453728874212
0.046304778877720595,0.07168370581556267,0.6476664926727584,0.6177609624322502
0.046304064846235685,0.0715828389728499,0.6478023354963092,0.617772750788004
0.046303554556448905,0.07148624036034151,0.6479327850805577,0.6177811753437056
0.04630322371734136,0.07139369491712902,0.6480581378514634,0.6177866372346681
0.046303050065684144,0.07130499909204462,0.6481786742116621,0.6177895040700229
0.04630301321318622,0.07121996019327861,0.6482946594511019,0.6177901124708034
0.04630309450422584,0.0711383957746337,0.6484063446048479,0.6177887704300062
0.04630327688353652,0.07106013305663246,0.6485139672608218,0.6177857595056344
0.04630354477324612,0.07098500838076914,0.6486177523201977,0.6177813368571751
0.04630388395868285,0.07091286669516546,0.6487179127131072,0.6177757371356136
0.04630428148239567,0.07084356107000495,0.6488146500721729,0.6177691742364642
0.0463047255458568,0.07077695224112902,0.6489081553662237,0.6177618429248923
0.046305205418341204,0.07071290818024577,0.6489986094966285,0.6177539203415119
0.046305711352506246,0.07065130369027647,0.6490861838583072,0.617745567396917
0.04630623450621864,0.07059202002441528,0.6491710408675767,0.6177369300625878
0.046306766870200085,0.07053494452753227,0.6492533344588304,0.6177281405653705
0.046307301201092,0.07047997029864335,0.6493332105518642,0.6177193184922316
0.04630783095955886,0.07042699587320211,0.6494108074916682,0.6177105718116482
0.04630835025307597,0.07037592492405026,0.6494862564623476,0.6177019978175438
0.046308853783068434,0.07032666597991889,0.6495596818767041,0.6176936840013243
0.04630933679608982,0.07027913216043345,0.6496312017430709,0.6176857088571901
0.04630979503874828,0.07023324092662828,0.6497009280106604,0.6176781426255811
0.04631022471610895,0.07018891384604367,0.6497689668948439,0.6176710479792513
0.046310622453317164,0.07014607637151563,0.6498354191835729,0.6176644806562057
0.046310985260206404,0.07010465763283427,0.6499003805260556,0.6176584900434077
0.04631131049866959,0.07006459024048302,0.64996394170485,0.6176531197149179
0.046311595852589586,0.07002581010073619,0.6500261888923379,0.6176484079278386
0.04631183930013516,0.06998825624140317,0.6500872038925373,0.6176443880792638
0.04631203908824765,0.06995187064759088,0.6501470643692329,0.6176410891271196
0.04631219370915148,0.06991659810686213,0.6502058440611114,0.6176385359776473
0.04631230187873598,0.06988238606322282,0.650263612984873,0.6176367498420454
0.04631236251666513,0.06984918447939337,0.6503204376268837,0.617635748564635
0.04631237472808624,0.06981694570687848,0.6503763811242013,0.617635546924673
0.046312337786811056,0.0697856243633368,0.6504315034354952,0.6176361569139008
0.046312251119860155,0.06975517721683316,0.6504858615026184,0.6176375879916218
0.04631211429326284,0.0697255630765418,0.6505395094032169,0.6176398473190883
0.046311926999016324,0.06969674268951558,0.6505924984950567,0.6176429399747778
0.046311689043114945,0.06966867864316251,0.6506448775525187,0.6176468691520339
0.04631140033456472,0.06964133527307804,0.6506966928956519,0.6176516363404599
0.04631106087530719,0.06961467857591834,0.6507479885123968,0.6176572414923243
0.04631067075098176,0.06958867612701992,0.6507988061741622,0.6176636831751386
0.04631023012245972,0.06956329700247242,0.6508491855453384,0.6176709587115116
0.04630973921808934,0.06953851170538902,0.650899164286985,0.617679064307274
0.04630919832659669,0.0695142920961286,0.6509487781550699,0.6176879951687906
0.04630860779058948,0.06949061132623435,0.6509980610935708,0.6176977456103225
0.04630796800061557,0.0694674437758706,0.6510470453227458,0.6177083091522386
0.04630727938973355,0.0694447649945629,0.6510957614228031,0.6177196786107785
0.04630654242855272,0.06942255164504275,0.6511442384133143,0.6177318461800678
0.046305757620705594,0.0694007814500179,0.65119250382851,0.6177448035069946
0.04630492549871844,0.0693794331417086,0.6512405837887694,0.6177585417595164
0.04630404662024717,0.06935848641398543,0.6512885030684944,0.6177730516889337
0.046303121564648934,0.06933792187696194,0.6513362851605252,0.6177883236866204
0.04630215092986272,0.06931772101390475,0.6513839523373876,0.6178043478356519
0.04630113532957379,0.06929786614033762,0.6514315257093981,0.6178211139577436
0.046300075390637345,0.06927834036520106,0.6514790252799737,0.6178386116559078
0.046298971750742435,0.06925912755397318,0.6515264699981408,0.6178568303531402
0.046297825056293845,0.06924021229362443,0.6515738778084976,0.617875759327505
0.04629663596049627,0.06922157985932492,0.651621265698711,0.6178953877438764
0.046295405121621794,0.0692032161827897,0.6516686497447202,0.6179157046826482
0.04629413320144713,0.06918510782218969,0.6517160451537182,0.6179366991656403
0.0462928208638452,0.06916724193353012,0.6517634663050771,0.6179583601794487
0.046291468773518606,0.06914960624342821,0.6518109267893138,0.6179806766964516
0.04629007759486305,0.06913218902320976,0.651858439445154,0.6180036376936652
0.04628864799094913,0.06911497906425645,0.6519060163948699,0.6180272321696397
0.046287180622612736,0.0690979656545352,0.6519536690779033,0.6180514491595606
0.04628567614764529,0.06908113855625775,0.652001408282936,0.6180762777486954
0.04628413522007304,0.06906448798458961,0.6520492441783869,0.6181017070843664
0.04628255848952093,0.06904800458738312,0.6520971863415536,0.6181277263865244
0.04628094660065102,0.06903167942586083,0.6521452437863275,0.6181543249570868
0.04627930019266881,0.06901550395620028,0.6521934249896428,0.6181814921881508
0.046277619898893785,0.06899947001198989,0.6522417379166978,0.6182092175691433
0.04627590634638625,0.06898356978749949,0.6522901900449832,0.6182374906930386
0.046274160155625584,0.06896779582172194,0.6523387883872397,0.6182663012617224
0.046272381940236196,0.06895214098316099,0.6523875395133192,0.6182956390905654
0.0462705723067559,0.06893659845531064,0.652436449571052,0.6183254941122949
0.04626873185444345,0.06892116172280935,0.6524855243061743,0.6183558563802156
0.046266861175120216,0.06890582455821814,0.6525347690813298,0.618386716070864
0.04626496085304513,0.0688905810094115,0.6525841888942021,0.6184180634861124
0.04626303146481633,0.06887542538752663,0.6526337883948288,0.6184498890548265
0.046261073579300524,0.06886035225547181,0.6526835719021337,0.6184821833340668
0.04625908775758427,0.06884535641694273,0.6527335434196961,0.6185149370099228
0.04625707455294707,0.06883043290593828,0.652783706650819,0.6185481408979864
0.04625503451085217,0.06881557697673987,0.6528340650129096,0.6185817859435307
0.04625296816895578,0.06880078409434878,0.6528846216512254,0.6186158632213825
0.04625087605712916,0.06878604992533492,0.6529353794519733,0.61865036393558
0.04624875869749588,0.06877137032910514,0.6529863410548652,0.6186852794187803
0.0462466166044799,0.06875674134955043,0.6530375088650582,0.6187206011314841
0.04624445028486429,0.06874215920706386,0.653088885064595,0.6187563206610847
0.04624226023785942,0.06872762029091223,0.6531404716233323,0.6187924297207585
0.04624004695517888,0.06871312115193917,0.653192270309349,0.6188289201482272
0.04623781092112264,0.06869865849559145,0.6532442826989399,0.6188657839043983
0.0462355526126663,0.06868422917524844,0.6532965101860954,0.618903013071905
0.046233272499555673,0.06866983018584509,0.6533489539916337,0.6189405998535549
0.04623097104440557,0.06865545865776825,0.6534016151718787,0.6189785365707109
0.04622864870280244,0.0686411118510217,0.6534544946269406,0.6190168156616052
0.046226305923410475,0.06862678714964503,0.6535075931086701,0.6190554296795958
0.04622394314807978,0.06861248205636998,0.6535609112282271,0.6190943712913892
0.04622156081195701,0.06859819418751341,0.6536144494633235,0.6191336332752195
0.0462191593435974,0.06858392126808562,0.6536682081651286,0.6191732085190049
0.046216739165077764,0.06856966112711178,0.6537221875648965,0.6192130900184878
0.04621430069211082,0.06855541169315578,0.6537763877802484,0.6192532708753503
0.04621184433415938,0.068541170990034,0.6538308088212395,0.6192937442953351
0.04620937049455085,0.06852693713271357,0.6538854505960957,0.6193345035863561
0.04620687957059175,0.06851270832338684,0.6539403129167213,0.6193755421566112
0.04620437195368194,0.06849848284771615,0.6539953955039589,0.6194168535126983
0.04620184802942777,0.0684842590712335,0.6540506979926071,0.6194584312577491
0.04619930817775518,0.06847003543590059,0.6541062199362249,0.6195002690895623
0.046196752773020856,0.0684558104568087,0.6541619608116872,0.6195423607987695
0.04619418218412381,0.06844158271902846,0.6542179200235865,0.619584700266993
0.046191596774613944,0.06842735087458383,0.6542740969083924,0.6196272814650529
0.04618899690280091,0.06841311363956203,0.6543304907384461,0.61967009845117
0.046186382921860364,0.06839886979134281,0.6543871007257502,0.6197131453692102
0.04618375517993941,0.06838461816594703,0.6544439260256244,0.6197564164469422
0.0461811140202606,0.06837035765550037,0.654500965740153,0.6197999059943193
0.046178459781223584,0.06835608720579923,0.6545582189215052,0.6198436084017993
0.046175792796505695,0.06834180581398416,0.6546156845750912,0.6198875181386814
0.046173113395160566,0.06832751252631084,0.6546733616625616,0.6199316297514759
0.04617042190171558,0.0683132064360182,0.6547312491047003,0.6199759378622935
0.04616771863626648,0.06829888668128223,0.6547893457841472,0.6200204371672793
0.04616500391457158,0.06828455244326286,0.6548476505480186,0.6200651224350553
0.0461622780481429,0.06827020294422735,0.6549061622104003,0.6201099885052119
0.04615954134433637,0.06825583744575757,0.6549648795547113,0.6201550302868164
0.04615679410644027,0.06824145524703501,0.6550238013359727,0.6202002427569482
0.04615403663376164,0.06822705568319637,0.6550829262829646,0.6202456209592692
0.04615126922171042,0.06821263812375317,0.6551422531002672,0.6202911600026308
0.04614849216188352,0.06819820197109588,0.6552017804702363,0.6203368550596825
0.04614570574214501,0.06818374665903999,0.6552615070548363,0.6203827013655425
0.046142910246706345,0.06816927165145122,0.6553214314974358,0.6204286942164712
0.0461401059562042,0.06815477644092252,0.6553815524244698,0.6204748289685799
0.04613729314777686,0.06814026054750838,0.6554418684470583,0.6205211010365663
0.04613447209513837,0.06812572351751071,0.6555023781625199,0.6205675058924867
0.046131643068651966,0.06811116492232198,0.6555630801558232,0.620614039064537
0.04612880633540182,0.06809658435731644,0.6556239730009521,0.6206606961358662
0.046125962159262665,0.06808198144078721,0.6556850552622325,0.6207074727434201
0.046123110800967995,0.06806735581292638,0.6557463254955376,0.6207543645768122
0.04612025251817785,0.06805270713486006,0.6558077822494903,0.6208013673771993
0.04611738756554345,0.06803803508771102,0.65586942406657,0.6208484769362093
0.04611451619477206,0.06802333937171359,0.6559312494841613,0.6208956890948661
0.046111638654689306,0.06800861970536025,0.6559932570355591,0.6209429997425562
0.046108755191300456,0.06799387582458517,0.656055445250918,0.6209904048160105
0.04610586604785103,0.06797910748199147,0.6561178126581381,0.6210379002983006
0.046102971464885165,0.06796431444610043,0.6561803577837206,0.6210854822178695
0.04610007168030295,0.06794949650064158,0.6562430791535553,0.6211331466475797
0.04609716692941741,0.06793465344387375,0.6563059752936911,0.6211808897037683
0.04609425744500892,0.06791978508793198,0.6563690447310232,0.6212287075453428
0.04609134345737948,0.06790489125820648,0.6564322859939966,0.6212765963728806
0.04608842519440529,0.06788997179274721,0.6564956976132025,0.621324552427756
0.04608550288158884,0.06787502654169941,0.6565592781219822,0.621372571991275
0.04608257674210893,0.06786005536675643,0.6566230260569901,0.6214206513838446
0.046079646996870775,0.06784505814064608,0.6566869399587187,0.6214687869641403
0.046076713864553975,0.06783003474663149,0.6567510183719697,0.6215169751283101
0.046073777561660464,0.06781498507804265,0.6568152598463206,0.6215652123091764
0.046070838302560785,0.06779990903782279,0.6568796629365619,0.6216134949754681
0.04606789629954003,0.06778480653810097,0.65694422620307,0.6216618196310575
0.04606495176284217,0.06776967749977957,0.6570089482121937,0.621710182814222
0.04606200490071376,0.06775452185214116,0.6570738275366123,0.621758581096919
0.046059055919447145,0.06773933953247846,0.6571388627556198,0.621807011084067
0.0460561050234224,0.06772413048573657,0.6572040524554399,0.6218554694128487
0.046053152415148436,0.0677088946641738,0.6572693952294885,0.6219039527520271
0.04605019829530351,0.06769363202703928,0.6573348896786331,0.6219524578012716
0.04604724286277459,0.06767834254026245,0.6574005344114096,0.6220009812905041
0.04604428631469644,0.06766302617616288,0.6574663280442296,0.622049519979248
0.046041328846489905,0.06764768291317141,0.657532269201577,0.6220980706559918
0.04603837065189871,0.06763231273556161,0.6575983565161678,0.6221466301375768
0.04603541192302622,0.06761691563319766,0.657664588629104,0.6221951952685851
0.04603245285037202,0.06760149160129861,0.6577309641900057,0.6222437629207316
0.04602949362286661,0.06758604064020687,0.6577974818571488,0.6222923299922858
0.046026534427905774,0.06757056275516929,0.6578641402975389,0.6223408934074997
0.04602357545138505,0.06755505795613556,0.6579309381870213,0.6223894501160347
0.04602061687773311,0.06753952625756218,0.657997874210348,0.6224379970924059
0.046017658889944024,0.06752396767822592,0.65806494706124,0.6224865313354436
0.046014701669609616,0.06750838224104856,0.658132155442443,0.6225350498677561
0.046011745396950916,0.0674927699729309,0.6581994980657482,0.6225835497352048
0.04600879025084934,0.06747713090459705,0.6582669736520397,0.6226320280063856
0.04600583640887666,0.06746146507044283,0.6583345809312859,0.622680481772129
0.04600288404732505,0.06744577250839587,0.6584023186425703,0.6227289081450007
0.04599993334123662,0.0674300532597851,0.6584701855340658,0.6227773042588076
0.045996984464431484,0.06741430736921016,0.6585381803630206,0.6228256672681324
0.04599403758953672,0.06739853488442772,0.6586063018957473,0.6228739943478492
0.0459910928880139,0.06738273585623919,0.6586745489075807,0.6229222826926656
0.04598815053018599,0.06736691033838314,0.6587429201828389,0.6229705295166739
0.04598521068526438,0.0673510583874386,0.65881141451478,0.6230187320529009
0.045982273521375315,0.06733518006273333,0.6588800307055436,0.6230668875528667
0.0459793392055851,0.06731927542625313,0.658948767566099,0.6231149932861647
0.045976407903926014,0.06730334454256356,0.6590176239161588,0.6231630465400297
0.04597347978142098,0.06728738747873352,0.659086598584117,0.6232110446189261
0.04597055500210808,0.06727140430426394,0.6591556904069797,0.6232589848441388
0.04596763372906399,0.0672553950910173,0.6592248982302569,0.6233068645533827
0.04596471612442798,0.06723935991315928,0.6592942209078957,0.6233546811004018
0.045961802349425415,0.0672232988471039,0.6593636573021655,0.6234024318545773
0.045958892564389606,0.06720721197145418,0.6594332062835878,0.6234501142005628
0.045955986928784456,0.0671910993669549,0.6595028667307936,0.623497725537906
0.04595308560122626,0.06717496111644754,0.6595726375304621,0.623545263280685
0.04595018873950538,0.06715879730482877,0.6596425175771722,0.6235927248571467
0.04594729650060699,0.06714260801900979,0.6597125057733197,0.6236401077093594
0.04594440904073178,0.0671263933478823,0.6597826010289739,0.6236874092928677
0.04594152651531599,0.06711015338228372,0.6598528022617794,0.6237346270763569
0.04593864907905206,0.0670938882149741,0.6599231083968303,0.623781758541309
0.045935776885906714,0.06707759794059884,0.6599935183665483,0.6238288011816996
0.0459329100891415,0.06706128265567653,0.6600640311105421,0.6238757525036547
0.045930048841330194,0.06704494245856712,0.6601346455755028,0.6239226100251595
0.04592719329437824,0.06702857744946124,0.6602053607150581,0.6239693712757333
0.04592434359953988,0.06701218773035779,0.6602761754896438,0.6240160337961427
0.04592149990743576,0.06699577340504931,0.6603470888663934,0.6240625951381069
0.04591866236807079,0.0669793345791138,0.6604180998189674,0.6241090528639996
0.04591583113085024,0.06696287135989987,0.6604892073274574,0.6241554045465771
0.04591300634459637,0.06694638385651712,0.6605604103782288,0.6242016477687021
0.04591018815756473,0.06692987217983135,0.6606317079637927,0.6242477801230693
0.04590737671745963,0.06691333644245684,0.6607030990826742,0.6242937992119454
0.0459045721714498,0.06689677675875384,0.6607745827392693,0.6243397026469081
0.045901774666182865,0.06688019324482172,0.6608461579437211,0.6243854880486018
0.045898984347800445,0.06686358601850109,0.6609178237117703,0.6244311530464841
0.045896201361952334,0.06684695519937109,0.6609895790646396,0.6244766952785883
0.04589342585381027,0.0668303009087499,0.6610614230288754,0.6245221123912912
0.045890657968081415,0.06681362326969498,0.661133354636238,0.6245674020390866
0.04588789784902198,0.06679692240700856,0.661205372923551,0.6246125618843568
0.04588514564044961,0.06678019844723744,0.6612774769325743,0.6246575895971622
0.04588240148575617,0.06676345151867856,0.6613496657098756,0.624702482855028
0.0458796655279195,0.06674668175138132,0.6614219383066979,0.624747239342744
0.045876937909515775,0.06672988927715585,0.6614942937788196,0.6247918567521571
0.045874218772730416,0.06671307422957622,0.6615667311864546,0.6248363327819865
0.045871508259369455,0.06669623674398747,0.6616392495940914,0.6248806651376317
0.045868806510869956,0.06667937695750925,0.6617118480703873,0.6249248515309964
0.04586611366831065,0.06666249500904674,0.6617845256880482,0.6249688896803071
0.04586342987242174,0.06664559103929395,0.6618572815236928,0.6250127773099479
0.04586075526359507,0.06662866519074469,0.6619301146577421,0.6250565121502873
0.04585808998189252,0.06661171760769438,0.662003024174288,0.6251000919375354
0.0458554341670555,0.06659474843625054,0.6620760091610043,0.6251435144135815
0.04585278795851385,0.06657775782434172,0.6621490687090018,0.6251867773258435
0.045850151495393274,0.06656074592171968,0.6622222019127271,0.6252298784271395
0.04584752491652399,0.06654371287997135,0.6622954078698692,0.6252728154755403
0.04584490836044782,0.06652665885252342,0.6623686856812175,0.625315586234247
0.04584230196542532,0.06650958399464714,0.6624420344505959,0.625358188471469
0.04583970586944294,0.06649248846346853,0.6625154532847206,0.6254006199602993
0.045837120210219434,0.06647537241797276,0.6625889412931325,0.6254428784786057
0.04583454512521178,0.06645823601901034,0.6626624975880763,0.6254849618089247
0.04583198075162073,0.0664410794292986,0.6627361212844186,0.6255268677383672
0.04582942722639685,0.0664239028134328,0.6628098114995506,0.6255685940585116
0.04582688468624547,0.06640670633788859,0.6628835673532982,0.6256101385653179
0.045824353267630596,0.06638949017102072,0.662957387967839,0.625651499059056
0.04582183310678014,0.06637225448307259,0.6630312724676097,0.6256926733442149
0.0458193243396898,0.06635499944617733,0.6631052199792273,0.625733659229432
0.045816827102126235,0.0663377252343574,0.6631792296314246,0.625774454527435
0.04581434152963076,0.06632043202352779,0.6632533005549509,0.6258150570549754
0.045811867757522134,0.06630311999149573,0.6633274318825243,0.6258554646327759
0.04580940592089951,0.06628578931796308,0.6634016227487456,0.6258956750854752
0.04580695615464383,0.06626844018451934,0.6634758722900366,0.6259356862415993
0.04580451859342073,0.0662510727746463,0.6635501796445843,0.6259754959335072
0.0458020933716815,0.06623368727371204,0.6636245439522798,0.6260151019973679
0.04579968062366441,0.06621628386896733,0.6636989643546473,0.6260545022731323
0.045797280483395465,0.06619886274954154,0.6637734399948094,0.6260936946045143
0.045794893084689134,0.0661814241064373,0.6638479700174351,0.6261326768389713
0.045792518561148327,0.06616396813252322,0.6639225535686917,0.6261714468276984
0.045790157046164126,0.06614649502252627,0.6639971897961848,0.626210002425625
0.04578780867291577,0.06612900497302626,0.6640718778489607,0.6262483414914088
0.0457854735743693,0.06611149818244288,0.6641466168774253,0.6262864618874501
0.0457831518832762,0.06609397485102458,0.66422140603334,0.6263243614799072
0.045780843732172526,0.06607643518084017,0.6642962444697862,0.6263620381387034
0.045778549253376294,0.06605887937576163,0.6643711313411327,0.6263994897375627
0.04577626857898576,0.06604130764145426,0.6644460658030267,0.6264367141540295
0.045774001840876814,0.06602372018535882,0.6645210470123659,0.6264737092695045
0.04577174917069995,0.06600611721667639,0.6645960741272944,0.6265104729692874
0.045769510699876975,0.06598849894634856,0.664671146307172,0.6265470031426219
0.045767286559597914,0.06597086558704258,0.6647462627125911,0.626583297682739
0.04576507688081667,0.0659532173531272,0.6648214225053579,0.6266193544869207
0.04576288179424699,0.06593555446065297,0.6648966248484888,0.6266551714565576
0.04576070143035812,0.06591787712732963,0.6649718689062359,0.6266907464972125
0.04575853591937018,0.06590018557250503,0.6650471538440593,0.6267260775186877
0.04575638539124828,0.06588248001713302,0.6651224788286716,0.6267611624351135
0.04575424997569811,0.06586476068375542,0.6651978430280295,0.6267959991650122
0.04575212980215924,0.06584702779646706,0.6652732456113607,0.6268305856313989
0.045750024999799736,0.06582928158089113,0.6653486857491816,0.6268649197618622
0.04574793569750961,0.06581152226414719,0.6654241626133248,0.6268989994886625
0.045745862023894454,0.06579375007482198,0.6654996753769612,0.6269328227488273
0.04574380410726773,0.06577596524292985,0.6655752232146432,0.6269663874842697
0.04574176207564454,0.06575816799988643,0.665650805302326,0.6269996916418805
0.04573973605673341,0.0657403585784667,0.6657264208174143,0.6270327331736552
0.04573772617792892,0.06572253721277153,0.6658020689387933,0.627065510036805
0.04573573256630372,0.06570470413818973,0.6658777488468959,0.6270980201938787
0.045733755348599574,0.06568685959135283,0.6659534597237287,0.6271302616129004
0.04573179465121986,0.06566900381010314,0.6660292007529355,0.6271622322674825
0.04572985060021945,0.06565113703344122,0.6661049711198505,0.6271939301369838
0.045727923321296673,0.06563325950148957,0.6661807700115459,0.6272253532066296
0.04572601293978345,0.06561537145544476,0.6662565966169194,0.6272564994676664
0.045724119580635735,0.06559747313753121,0.6663324501267303,0.6272873669175059
0.04572224336842377,0.06557956479095267,0.6664083297336859,0.6273179535598775
0.04572038442732196,0.06556164665984468,0.6664842346324965,0.6273482574049843
0.04571854288109873,0.06554371898922405,0.6665601640199699,0.6273782764696574
0.04571671885310572,0.06552578202493568,0.6666361170950701,0.6274080087775256
0.045714912466267146,0.06550783601360076,0.6667120930590065,0.6274374523591779
0.04571312384306907,0.06548988120256323,0.6667880911153166,0.6274666052523306
0.04571135310554774,0.0654719178398318,0.6668641104699465,0.6274954655020069
0.04570960037527893,0.06545394617402722,0.6669401503313356,0.6275240311607029
0.04570786577336554,0.06543596645431933,0.6670162099105287,0.627552300288579
0.04570614942042682,0.06541797893037364,0.6670922884212366,0.6275802709536271
0.04570445143658554,0.0653999838522855,0.667168385079967,0.6276079412318709
0.04570277194145627,0.0653819814705209,0.6672444991060998,0.6276353092075457
0.04570111105413342,0.06536397203585544,0.6673206297219891,0.6276623729732855
0.045699468893178184,0.06534595579930663,0.6673967761530831,0.627689130630326
0.04569784557660647,0.06532793301207214,0.6674729376280123,0.6277155802886911
0.0456962412218761,0.06530990392546282,0.667549113378711,0.6277417200673926
0.04569465594587373,0.06529186879083493,0.6676253026405198,0.6277675480946336
0.045693089864901684,0.06527382785951948,0.667701504652297,0.6277930625080135
0.045691543094665776,0.06525578138276054,0.6677777186565382,0.6278182614547164
0.04569001575026091,0.06523772961163636,0.6678539438994997,0.627843143091737
0.04568850794615826,0.06521967279699144,0.6679301796312863,0.6278677055860785
0.04568701979619204,0.06520161118936645,0.6680064251060168,0.6278919471149597
0.04568555141354551,0.06518354503892136,0.6680826795819109,0.6279158658660324
0.04568410291073741,0.0651654745953621,0.6681589423214241,0.6279394600375932
0.045682674399609005,0.06514740010787069,0.6682352125913739,0.6279627278387847
0.0456812659913088,0.06512932182501872,0.6683114896630702,0.6279856674898345
0.04567987779628028,0.06511123999470216,0.6683877728124293,0.6280082772222455
0.04567850992424705,0.06509315486405737,0.6684640613201179,0.628030555279028
0.04567716248419882,0.06507506667938137,0.6685403544716818,0.6280524999149186
0.0456758355843783,0.06505697568606073,0.6686166515576669,0.6280741093965833
0.04567452933226613,0.065038882128483,0.6686929518737639,0.6280953820028535
0.04567324383456766,0.06502078624996334,0.6687692547209332,0.6281163160249319
0.04567197919719807,0.06500268829265757,0.6688455594055459,0.6281369097666247
0.0456707355252692,0.06498458849748713,0.668921865239522,0.6281571615445467
0.045669512923074675,0.06496648710405073,0.6689981715404486,0.6281770696883535
0.045668311494076616,0.06494838435054825,0.6690744776317374,0.6281966325409484
0.045667131340890545,0.06493028047368987,0.6691507828427576,0.6282158484587188
0.04566597256527244,0.0649121757086196,0.6692270865089601,0.6282347158117374
0.045664835268104255,0.06489407028882932,0.669303387972031,0.6282532329839878
0.04566371954937991,0.06487596444607252,0.6693796865800217,0.6282713983735841
0.04566262550819135,0.06485785841028112,0.6694559816874933,0.6282892103929872
0.04566155324271504,0.06483975240948193,0.6695322726556444,0.6283066674692164
0.04566050285019767,0.06482164666970834,0.6696085588524658,0.6283237680440716
0.04565947442694309,0.06480354141491883,0.669684839652861,0.6283405105743376
0.04565846806829783,0.06478543686690691,0.6697611144388013,0.6283568935320103
0.04565748386863865,0.06476733324522257,0.6698373825994391,0.6283729154044899
0.04565652192135767,0.06474923076707623,0.6699136435312824,0.6283885746948136
0.045655582318850634,0.06473112964726428,0.669989896638296,0.6284038699218378
0.04565466515250212,0.06471303009807347,0.6700661413320591,0.6284187996204704
0.04565377051267381,0.06469493232920366,0.6701423770318905,0.6284333623418515
0.04565289848869031,0.0646768365476754,0.6702186031649916,0.6284475566535761
0.045652049168827064,0.06465874295774784,0.6702948191665716,0.6284613811398823
0.04565122264029726,0.06464065176083271,0.6703710244799922,0.628474834401854
0.04565041898923944,0.06462256315540915,0.670447218556887,0.6284879150576164
0.04564963830070486,0.06460447733693803,0.6705234008573044,0.6285006217425311
0.04564888065864562,0.06458639449777966,0.6705995708498319,0.6285129531093816
0.04564814614590203,0.06456831482710595,0.6706757280117123,0.6285249078285704
0.04564743484419096,0.06455023851081809,0.6707518718290008,0.6285364845883004
0.045646746834094525,0.064532165731466,0.6708280017966627,0.6285476820947502
0.045646082195047455,0.06451409666815816,0.6709041174187196,0.628558499072273
0.04564544100532699,0.06449603149648728,0.6709802182083467,0.6285689342635512
0.045644823342040744,0.06447797038844104,0.6710563036880167,0.6285789864297873
0.04564422928111651,0.06445991351232679,0.6711323733896084,0.6285886543508614
0.045643658897290634,0.06444186103268398,0.6712084268545363,0.6285979368255135
0.04564311226409838,0.06442381311020971,0.671284463633843,0.6286068326714911
0.0456425894538635,0.06440576990167847,0.6713604832883304,0.6286153407257136
0.04564209053768723,0.0643877315598571,0.671436485388674,0.6286234598444425
0.045641615585439936,0.06436969823343645,0.6715124695155137,0.6286311889034109
0.0456411646657501,0.064351670066945,0.6715884352595891,0.628638526797995
0.045640737845996114,0.06433364720067955,0.671664382221813,0.6286454724433419
0.04564033519229664,0.06431562977062558,0.6717403100133936,0.6286520247745184
0.04563995676950151,0.06429761790838232,0.671816218255939,0.6286581827466533
0.04563960264118401,0.06427961174109342,0.6718921065815322,0.6286639453350558
0.0456392728696317,0.06426161139136859,0.6719679746328493,0.628669311535359
0.045638967515838985,0.06424361697721695,0.6720438220632496,0.6286742803636349
0.04563868663949899,0.06422562861197346,0.6721196485368431,0.6286788508565193
0.045638430298995884,0.06420764640422832,0.6721954537286047,0.628683022071332
0.04563819855139838,0.06418967045776248,0.6722712373244465,0.6286867930861764
0.04563799145245246,0.06417170087147979,0.6723469990213023,0.6286901630000522
0.04563780905657446,0.06415373773933745,0.6724227385272016,0.6286931309329624
0.04563765141684517,0.06413578115028523,0.6724984555613494,0.6286956960260044
0.04563751858500342,0.06411783118819907,0.6725741498542062,0.628697857441469
0.045637410611440915,0.06409988793182216,0.6726498211475342,0.6286996143629194
0.04563732754519587,0.06408195145469943,0.6727254691944984,0.6287009659952901
0.04563726943394883,0.06406402182512284,0.6728010937597051,0.6287019115649506
0.04563723632401731,0.06404609910607026,0.672876694619267,0.6287024503197873
0.04563722826035141,0.06402818335514986,0.6729522715608661,0.6287025815292719
0.045637245286529696,0.0640102746245449,0.6730278243838014,0.6287023044845228
0.045637287444755065,0.06399237296095858,0.673103352899053,0.6287016184983701
0.045637354775851555,0.06397447840556392,0.6731788569293043,0.6287005229054026
0.04563744731926067,0.06395659099395085,0.673254336309024,0.6286990170620239
0.04563756511303894,0.06393871075607896,0.6733297908844595,0.6286971003464902
0.04563770819385465,0.06392083771622666,0.673405220513722,0.6286947721589584
0.04563787659698617,0.06390297189294859,0.6734806250667776,0.6286920319215119
0.04563807035631986,0.0638851132990299,0.6735560044255167,0.6286888790781907
0.04563828950434785,0.06386726194143993,0.6736313584837565,0.6286853130950256
0.045638534072167655,0.06384941782129727,0.673706687147266,0.6286813334600415
0.04563880408948045,0.0638315809338244,0.6737819903337973,0.6286769396832841
0.045639099584590864,0.0638137512683137,0.6738572679730902,0.6286721312968195
0.045639420584406266,0.0637959288080888,0.6739325200068957,0.6286669078547458
0.04563976711443697,0.06377811353047047,0.6740077463889784,0.628661268933187
0.04564013919879635,0.06376030540674346,0.6740829470851216,0.6286552141302894
0.04564053686020212,0.06374250440212893,0.6741581220731342,0.6286487430662004
0.045640960119976225,0.06372471047574925,0.6742332713428485,0.6286418553830682
0.04564140899804719,0.0637069235806056,0.674308394896109,0.628634550745003
0.04564188351295095,0.06368914366354894,0.6743834927467764,0.6286268288380629
0.04564238368183334,0.06367137066525805,0.6744585649206913,0.6286186893702124
0.04564290952045193,0.06365360452021564,0.674533611455691,0.6286101320712929
0.045643461043179026,0.06363584515668991,0.6746086324015589,0.6286011566929723
0.04564403826300417,0.06361809249671459,0.6746836278200226,0.6285917630087055
0.04564464119153801,0.06360034645607458,0.6747585977847105,0.6285819508136716
0.04564526983901465,0.06358260694428472,0.6748335423811429,0.6285717199247347
0.045645924214297,0.06356487386458605,0.6749084617066704,0.6285610701803593
0.04564660432487999,0.06354714711392813,0.6749833558704591,0.628550001440557
0.04564731017689548,0.06352942658296226,0.6750582249934294,0.6285385135868085
0.04564804177511638,0.06351171215603015,0.6751330692082201,0.628526606521997
0.04564879912296336,0.06349400371116797,0.6752078886591558,0.6285142801703012
0.04564958222250809,0.06347630112008891,0.6752826835021578,0.6285015344771425
0.04565039107448113,0.06345860424819544,0.6753574539047171,0.6284883694090603
0.045651225678276265,0.06344091295456712,0.6754322000458225,0.628474784953641
0.0456520860319583,0.063423227091973,0.6755069221159024,0.6284607811193947
0.045652972132268425,0.06340554650686647,0.6755816203167542,0.6284463579356694
0.04565388397463181,0.06338787103939568,0.6756562948614662,0.62843151545253
0.045654821553165296,0.06337020052341284,0.6757309459743654,0.6284162537406348
0.04565578486068405,0.06335253478647894,0.6758055738909075,0.628400572891131
0.045656773888709715,0.06333487364987678,0.6758801788576232,0.6283844730155241
0.04565778862747926,0.063317216928628,0.6759547611320237,0.6283679542455372
0.045658829065952006,0.06329956443150021,0.6760293209825046,0.6283510167329991
0.04565989519181964,0.06328191596103136,0.6761038586882668,0.6283336606496857
0.04566098699151427,0.06326427131354356,0.6761783745392089,0.6283158861871916
0.045662104450218434,0.06324663027916747,0.676252868835831,0.6282976935567707
0.045663247551874314,0.06322899264186288,0.6763273418891445,0.6282790829891902
0.04566441627919304,0.06321135817944015,0.6764017940205403,0.6282600547345836
0.04566561061366568,0.06319372666359124,0.6764762255617163,0.6282406090622747
0.045666830535573195,0.06317609785991642,0.6765506368545222,0.6282207462606206
0.04566807602399673,0.06315847152795005,0.6766250282508731,0.6282004666368485
0.04566934705682902,0.06314084742119719,0.676699400112622,0.6281797705168737
0.045670643610785544,0.06312322528716632,0.6767737528114331,0.6281586582451236
0.04567196566141519,0.0631056048673993,0.6768480867286621,0.6281371301843686
0.045673313183113066,0.06308798589751675,0.6769224022552092,0.6281151867155177
0.04567468614913099,0.06307036810724657,0.6769966997914146,0.6280928282374533
0.04567608453159121,0.06305275122047528,0.6770709797469031,0.6280700551668134
0.045677508301497714,0.06303513495528293,0.677145242540438,0.6280468679378114
0.045678957428748904,0.06301751902398689,0.6772194885998059,0.6280232670020365
0.04568043188215159,0.06299990313319546,0.6772937183616372,0.6279992528282303
0.04568193162943231,0.0629822869838434,0.6773679322712829,0.6279748259021084
0.04568345663725268,0.06296467027125312,0.6774421307826523,0.6279499867261163
0.045685006871221415,0.06294705268517647,0.6775163143580543,0.6279247358192395
0.04568658229590865,0.06292943390985091,0.6775904834680494,0.6278990737167752
0.04568818287486052,0.0629118136240552,0.677664638591269,0.6278730009701026
0.04568980857061304,0.06289419150116458,0.6777387802142761,0.6278465181464613
0.04569145934470637,0.06287656720920612,0.6778129088313816,0.6278196258287261
0.045693135157699974,0.06285894041092101,0.6778870249444697,0.6277923246151658
0.045694835969187074,0.06284131076382239,0.677961129062838,0.6277646151192149
0.04569656173781036,0.0628236779202614,0.6780352217030079,0.627736497969223
0.04569831242127713,0.0628060415274895,0.67810930338855,0.6277079738082159
0.04570008797637497,0.06278840122772546,0.6781833746499101,0.6276790432936457
0.04570188835898692,0.06277075665821827,0.6782574360242127,0.6276497070971507
0.04570371352410865,0.06275310745132463,0.6783314880550586,0.6276199659042832
0.04570556342586386,0.06273545323457227,0.6784055312923764,0.6275898204142636
0.04570743801752048,0.0627177936307332,0.6784795662921755,0.6275592713397253
0.04570933725150794,0.06270012825790061,0.6785535936163933,0.6275283194064382
0.0457112610794342,0.06268245672956413,0.6786276138326691,0.6274969653530397
0.04571320945210138,0.06266477865468074,0.6787016275141481,0.6274652099307856
0.04571518231952428,0.06264709363775892,0.6787756352392715,0.6274330539032573
0.045717179630947506,0.062629401278938,0.6788496375915876,0.6274004980460872
0.04571920133486275,0.06261170117406732,0.6789236351595066,0.6273675431466865
0.0457212473790267,0.0625939929147893,0.6789976285361204,0.6273341900039588
0.04572331771047925,0.06257627608862608,0.6790716183189647,0.6273004394280108
0.04572541227556132,0.06255855027906229,0.6791456051098039,0.62726629223987
0.045727531019933314,0.06254081506563439,0.679219589514416,0.6272317492711892
0.045729673888594044,0.06252307002402009,0.6792935721423599,0.6271968113639466
0.045731840825898554,0.06250531472612393,0.6793675536067538,0.6271614793701623
0.045734031775578235,0.06248754874017629,0.679441534524037,0.6271257541515766
0.0457362466807588,0.06246977163081964,0.6795155155137447,0.6270896365793648
0.04573848548398032,0.0624519829592065,0.6795894971982728,0.6270531275338178
0.045740748127216,0.06243418228309347,0.6796634802026283,0.627016227904043
0.045743034551892686,0.0624163691569413,0.679737465154217,0.6269789385876365
0.045745344698909646,0.0623985431320096,0.6798114526825535,0.6269412604903846
0.04574767850865943,0.062380703756460404,0.6798854434190705,0.6269031945259306
0.04575003592104776,0.062362850575458505,0.6799594379968238,0.6268647416154571
0.045752416875513686,0.06234498313127294,0.6800334370502682,0.626825902687365
0.04575482131105002,0.06232710096338118,0.6801074412150018,0.6267866786769465
0.04575724916622453,0.06230920360857714,0.6801814511274955,0.6267470705260465
0.04575970037920047,0.06229129060107493,0.6802554674248469,0.6267070791827348
0.045762174887757544,0.062273361472618805,0.680329490744531,0.6266667056009709
0.045764672629313476,0.06225541575259276,0.6804035217241052,0.626625950740259
0.04576719354094509,0.062237452968129645,0.6804775610009691,0.62658481556531
0.04576973755941017,0.06221947264422568,0.6805516092120977,0.6265433010456929
0.045772304621168804,0.06220147430385131,0.6806256669937483,0.6265014081554923
0.045774894662405724,0.062183457468067825,0.6806997349812124,0.6264591378729498
0.045777507619052055,0.06216542165614142,0.6807738138085255,0.6264164911801167
0.04578014342680839,0.06214736638566533,0.6808479041081947,0.6263734690624831
0.045782802021165754,0.062129291172670145,0.680922006510924,0.6263300725086423
0.045785483337429746,0.06211119553175181,0.6809961216453241,0.6262863025099024
0.04578818731074258,0.06209307897618832,0.6810702501376232,0.6262421600599328
0.045790913876105954,0.062074941018062026,0.681144392611398,0.6261976461543979
0.045793662968405036,0.062056781168387504,0.6812185496872653,0.6261527617905696
0.04579643452243072,0.06203859893723066,0.6812927219826049,0.6261075079669708
0.04579922847290344,0.062020393833836424,0.6813669101112639,0.6260618856829923
0.045802044754498034,0.06200216536676229,0.6814411146832422,0.626015895938492
0.04580488330186565,0.06198391304399737,0.6815153363044253,0.6259695397334424
0.04580774404965912,0.061965636373097925,0.6815895755762641,0.6259228180675218
0.045810626932557004,0.061947334861318974,0.6816638330954705,0.6258757319397268
0.04581353188528784,0.061929008015744844,0.6817381094537273,0.6258282823479808
0.04581645884265459,0.0619106553434225,0.6818124052373723,0.6257804702887404
0.04581940773955924,0.06189227635149527,0.6818867210270824,0.625732296756597
0.04582237851102852,0.06187387054734248,0.6819610573975828,0.6256837627438622
0.04582537109223843,0.06185543743871453,0.6820354149173081,0.6256348692401714
0.04582838541853937,0.06183697653386959,0.6821097941481176,0.6255856172320766
0.045831421425482,0.06181848734171552,0.6821841956449528,0.6255360077026291
0.045834479048842795,0.06179996937194922,0.6822586199555266,0.6254860416309651
0.04583755822465016,0.061781422135201984,0.6823330676200069,0.6254357199918822
0.04584065888920975,0.06176284514317631,0.6824075391706961,0.6253850437554304
0.04584378097913084,0.06174423790879308,0.6824820351316808,0.6253340138864831
0.04584692443135373,0.0617255999463418,0.682556556018553,0.6252826313442934
0.04585008918317462,0.0617069307716175,0.6826311023380309,0.6252308970820897
0.04585327517227375,0.06168822990207728,0.6827056745876647,0.6251788120466183
0.04585648233674157,0.06166949685698443,0.6827802732554875,0.6251263771777189
0.045859710615106034,0.06165073115755846,0.6828548988196922,0.6250735934078799
0.04586295994636001,0.06163193232712901,0.6829295517482747,0.6250204616617929
0.04586623026998835,0.06161309989128452,0.6830042324987292,0.6249669828559115
0.04586952152599591,0.06159423337802785,0.6830789415176814,0.6249131578979944
0.045872833654935295,0.06157533231793069,0.6831536792405625,0.6248589876866542
0.04587616659793425,0.06155639624428547,0.6832284460912738,0.6248044731109095
0.04587952029672449,0.061537424693266805,0.6833032424818225,0.6247496150497147
0.04588289469367005,0.06151841720408701,0.6833780688119894,0.6246944143714972
0.04588628973179534,0.061499373319153866,0.6834529254689942,0.6246388719336986
0.04588970535481373,0.06148029258423026,0.6835278128271267,0.6245829885823069
0.04589314150715684,0.061461174548596086,0.6836027312474203,0.6245267651513777
0.04589659813400337,0.06144201876520982,0.6836776810772747,0.6244702024625624
0.045900075181307544,0.0614228247908678,0.6837526626501421,0.6244133013246407
0.04590357259583006,0.06140359218637524,0.6838276762851371,0.6243560625330151
0.04590709032516556,0.06138432051670125,0.683902722286713,0.6242984868692592
0.04591062831777392,0.061365009351152994,0.6839778009442946,0.6242405751006033
0.04591418652300887,0.06134565826353607,0.6840529125319266,0.6241823279794662
0.04591776489114865,0.06132626683232561,0.6841280573079233,0.6241237462429494
0.04592136337342573,0.0613068346408321,0.6842032355144922,0.6240648306123493
0.04592498192205691,0.0612873612773706,0.6842784473774167,0.6240055817926611
0.04592862049027397,0.06126784633543244,0.6843536931056599,0.6239460004720747
0.045932279032354036,0.06124828941385453,0.684428972891021,0.623886087321474
0.04593595750365024,0.06122869011699177,0.6845042869077845,0.6238258429939301
0.0459396558606224,0.06120904805488874,0.6845796353123594,0.6237652681241967
0.045943374060867286,0.0611893628434496,0.6846550182429133,0.6237043633282093
0.045947112063151344,0.061169634104621555,0.6847304358190136,0.6236431292025444
0.04595086982743957,0.06114986146655666,0.6848058881412845,0.6235815663239418
0.04595464731492798,0.06113004456379472,0.6848813752910331,0.6235196752487675
0.04595844448807494,0.06111018303743911,0.6849568973298921,0.623457456512495
0.0459622613106319,0.061090276535328836,0.6850324542994713,0.6233949106291952
0.04596609774767525,0.061070324712219244,0.6851080462209869,0.6233320380910088
0.0459699537656377,0.06105032722995637,0.6851836730949238,0.6232688393676249
0.04597382933234034,0.06103028375765945,0.6852593349006668,0.6232053149057485
0.04597772441702327,0.061010193971892036,0.6853350315961294,0.6231414651285916
0.04598163899037838,0.06099005755684787,0.6854107631174343,0.6230772904353277
0.04598557302458076,0.06096987420452712,0.6854865293785303,0.623012791200569
0.04598952649332016,0.06094964361491446,0.6855623302708578,0.6229479677738416
0.04599349937183291,0.060929365496159085,0.6856381656629847,0.6228828204790542
0.04599749163693486,0.06090903956476103,0.6857140354002682,0.6228173496139479
0.04600150326705093,0.06088866554573915,0.6857899393044941,0.6227515554496018
0.04600553424224942,0.0608682431728235,0.6858658771735472,0.6226854382298611
0.046009584544272,0.06084777218862703,0.6859418487810433,0.6226189981708345
0.04601365415656687,0.06082725234483381,0.6860178538760112,0.622552235460339
0.04601774306431926,0.06080668340237115,0.6860938921825324,0.6224851502573882
0.046021851254484436,0.060786065131598274,0.6861699633994177,0.6224177426916395
0.04602597871581804,0.06076539731247861,0.686246067199863,0.6223500128628847
0.04603012543890915,0.06074467973476845,0.6863222032311095,0.6222819608404938
0.0460342914162101,0.06072391219818786,0.686398371114139,0.6222135866629139
0.04603847664206944,0.060703094512608344,0.686474570443304,0.622144890337114
0.04604268111276226,0.06068222649822722,0.6865508007860628,0.6220758718380741
0.0460469048265216,0.06066130798574785,0.686627061682588,0.6220065311082548
0.04605114778356949,0.06064033881655779,0.6867033526455111,0.6219368680570743
0.04605540998614761,0.06061931884290697,0.6867796731595672,0.6218668825603881
0.0460596914385485,0.06059824792808538,0.686856022681314,0.6217965744599628
0.04606399214714535,0.060577125946598157,0.6869324006387985,0.6217259435629701
0.04606831212042274,0.0605559527843418,0.6870088064312818,0.6216549896414649
0.04607265136900639,0.06053472833878024,0.687085239428914,0.6215837124318822
0.04607700990569299,0.0605134525191157,0.6871616989724764,0.6215121116345262
0.04608138774548014,0.06049212524646581,0.6872381843730558,0.6214401869130646
0.046085784905595326,0.060470746454033435,0.6873146949117843,0.6213679378940311
0.04609020140552441,0.06044931608727543,0.6873912298395581,0.6212953641663409
0.04609463726704093,0.06042783410407463,0.6874677883767694,0.6212224652807885
0.046099092514234545,0.060406300474908886,0.6875443697130199,0.621149240749562
0.04610356717353804,0.06038471518301422,0.6876209730068892,0.6210756900457781
0.04610806127375577,0.06036307822455253,0.6876975973856567,0.6210018126029951
0.04611257484609007,0.060341389608772854,0.68777424194506,0.6209276078147563
0.04611710792416913,0.0603196493581789,0.6878509057490604,0.6208530750341124
0.0461216605440723,0.060297857508683265,0.6879275878295983,0.620778213573181
0.04612623274435584,0.06027601410976565,0.688004287186362,0.6207030227027033
0.04613082456607881,0.060254119224632786,0.6880810027865882,0.6206275016515932
0.04613543605282776,0.060232172930370725,0.6881577335648146,0.6205516496065102
0.04614006725074082,0.060210175318096415,0.688234478422701,0.6204754657114371
0.04614471820853167,0.06018812649310878,0.6883112362288193,0.6203989490672623
0.0461493889775125,0.0601660265750344,0.6883880058184682,0.6203220987313791
0.04615407961161627,0.06014387569797182,0.688464785993488,0.6202449137172904
0.04615879016741969,0.06012167401063867,0.6885415755220755,0.6201673929942089
0.046163520704162866,0.06009942167650348,0.6886183731386474,0.6200895354867042
0.04616827128377118,0.06007711887392869,0.6886951775436552,0.6200113400743191
0.04617304197087423,0.06005476579630075,0.6887719874034612,0.6199328055912282
0.04617783283282587,0.060032362652164745,0.6888488013501828,0.6198539308258819
0.04618264393972168,0.06000990966534761,0.6889256179815808,0.6197747145206906
0.04618747536441701,0.059987407075085764,0.6890024358609229,0.619695155371698
0.046192327182543236,0.05996485513614325,0.6890792535169032,0.6196152520282857
0.04619719947252436,0.0599422541189325,0.6891560694435166,0.6195350030928704
0.046202092315591574,0.059919604309626874,0.6892328820999896,0.6194544071206325
0.04620700579579747,0.05989690601027095,0.6893096899106977,0.6193734626192539
0.046211940000028845,0.05987415953888485,0.6893864912651082,0.6192921680486743
0.04621689501802016,0.05985136522957251,0.689463284517715,0.6192105218208395
0.0462218709423631,0.05982852343261244,0.6895400679880034,0.6191285222995117
0.04622686786851831,0.05980563451455901,0.6896168399604211,0.6190461678000435
0.04623188589482396,0.05978269885832932,0.6896935986843561,0.6189634565892048
0.046236925122503617,0.059759716863286974,0.6897703423741309,0.6188803868850197
0.04624198565567395,0.05973668894532761,0.6898470692090082,0.618796956856606
0.04624706760135019,0.05971361553695117,0.6899237773332093,0.6187131646240517
0.046252171069451516,0.05969049708733876,0.690000464855953,0.6186290082582913
0.046257296172803455,0.059667334062411044,0.6900771298514773,0.6185444857810315
0.046262443027141845,0.059644126944900414,0.6901537703591282,0.6184595951646514
0.04626761175111299,0.059620876234400606,0.6902303843834026,0.6183743343321636
0.04627280246627394,0.05959758244742116,0.690306969894048,0.6182887011571743
0.04627801529709128,0.05957424611743446,0.6903835248261562,0.6182026934638662
0.046283250370937674,0.05955086779491295,0.6904600470802649,0.6181163090270199
0.04628850781808886,0.05952744804736818,0.6905365345225078,0.6180295455720252
0.04629378777171797,0.059503987459380736,0.6906129849847188,0.6179424007749383
0.046299090367888464,0.05948048663262151,0.6906893962646186,0.6178548722625602
0.046304415745545606,0.0594569461858693,0.6907657661259717,0.6177669576125395
0.046309764046508606,0.05943336675503041,0.6908420922987613,0.6176786543534634
0.04631513541545692,0.05940974899313293,0.6909183724793956,0.6175899599650452
0.04632052999992028,0.059386093570339395,0.6909946043309159,0.61750087187825
0.04632594795026242,0.05936240117392883,0.6910707854832292,0.6174113874755238
0.04633138941966704,0.059338672508293486,0.6911469135333528,0.617321504090986
0.046336854564119526,0.05931490829491314,0.6912229860456578,0.6172312190106903
0.04634234354238899,0.0592911092723343,0.6912990005521701,0.6171405294728829
0.0463478565160076,0.05926727619613583,0.691374954552823,0.6170494326683019
0.046353393649247905,0.05924340983888696,0.6914508455157918,0.616957925740512
0.046358955109101006,0.059219510990111184,0.6915266708778041,0.6168660057862243
0.04636454106524908,0.05919558045622165,0.691602428044468,0.6167736698557089
0.04637015169003994,0.059171619060469936,0.691678114390635,0.6166809149531742
0.046375787158457464,0.05914762764287587,0.6917537272607576,0.6165877380372147
0.04638144764809226,0.0591236070601573,0.6918292639692859,0.6164941360212529
0.04638713333910823,0.05909955818564439,0.6919047218010326,0.6164001057740522
0.04639284441420967,0.059075481909195614,0.6919800980116482,0.6163056441202177
0.046398581058605795,0.059051379137103344,0.6920553898279765,0.6162107478407413
0.04640434345997235,0.05902725079198674,0.6921305944485726,0.6161154136735939
0.04641013180841321,0.059003097812685194,0.6922057090441067,0.6160196383143199
0.04641594629641971,0.05897892115414222,0.6922807307578764,0.6159234184166662
0.046421787118826816,0.05895472178727627,0.6923556567062948,0.6158267505932657
0.04642765447276998,0.058930500698854825,0.692430483979386,0.6157296314163095
0.046433548557637296,0.05890625889134695,0.6925052096413264,0.6156320574182955
0.04643946957502253,0.05888199738278272,0.6925798307309711,0.6155340250927648
0.04644541772867476,0.05885771720659736,0.6926543442624254,0.6154355308950916
0.04645139322444584,0.05883341941146353,0.6927287472255961,0.6153365712433126
0.04645739627023825,0.0588091050611296,0.6928030365867923,0.6152371425189473
0.04646342707594775,0.058784775234234046,0.6928772092893279,0.6151372410679068
0.046469485853407634,0.05876043102412623,0.692951262254131,0.6150368632013739
0.0464755728163288,0.058736073538670906,0.6930251923803699,0.6149360051967563
0.04648168818023923,0.05871170390004973,0.6930989965461177,0.6148346632986461
0.04648783216242063,0.058687323244550046,0.6931726716090023,0.61473283371983
0.04649400498184452,0.05866293272235366,0.6932462144068656,0.6146305126423063
0.04650020685910551,0.05863853349731131,0.6933196217584837,0.6145276962183506
0.0465064380163532,0.05861412674671282,0.6933928904642438,0.6144243805716054
0.046512698677222276,0.05858971366104972,0.6934660173068798,0.6143205617981973
0.046518989066761156,0.05856529544377109,0.6935389990521847,0.6142162359678816
0.04652530941135807,0.05854087331102907,0.6936118324497612,0.6141113991252292
0.04653165993866591,0.05851644849141922,0.6936845142337843,0.6140060472908337
0.04653804087752563,0.05849202222571474,0.6937570411237628,0.613900176462544
0.046544452457888415,0.05846759576659556,0.6938294098253198,0.6137937826167177
0.04655089491073359,0.0584431703783581,0.6939016170309884,0.6136868617095457
0.04655736846798873,0.05841874733663744,0.693973659421014,0.6135794096783413
0.04656387336244474,0.058394327928104985,0.6940455336641775,0.613471422442915
0.04657040982767198,0.05836991345017122,0.6941172364186179,0.6133628959069283
0.04657697809793211,0.058345505210672506,0.6941887643326601,0.6132538259593255
0.04658357840809214,0.05832110452756413,0.6942601140456891,0.613144208475725
0.04659021099353208,0.05829671272858771,0.6943312821889882,0.6130340393199198
0.04659687609005632,0.058272331150954225,0.694402265386607,0.6129233143453174
0.046603573933799415,0.05824796114100261,0.6944730602562531,0.6128120293964721
0.04661030476113287,0.05822360405386315,0.6945436634101598,0.6127001803106034
0.046617068808569494,0.058199261253109515,0.6946140714560038,0.6125877629191552
0.046623866312666594,0.05817493411040701,0.6946842809977872,0.6124747730493753
0.046630697509928674,0.05815062400515646,0.6947542886367581,0.6123612065259041
0.04663756263670809,0.05812633232413152,0.6948240909723387,0.6122470591723996
0.04664446192910399,0.058102060461105935,0.694893684603018,0.6121323268131909
0.046651395622862295,0.058077809816487455,0.6949630661273173,0.6120170052749165
0.046658363953271324,0.058053581796930175,0.6950322321447123,0.611901090388236
0.04666536715505939,0.058029377814958025,0.6951011792565639,0.6117845779895109
0.04667240546229029,0.058005199288575233,0.6951699040670888,0.6116674639225216
0.04667947910825675,0.05798104764087112,0.6952384031842971,0.6115497440402196
0.04668658832537516,0.057956924299627545,0.6953066732209354,0.6114314142064601
0.04669373334507716,0.05793283069691314,0.6953747107954741,0.6113124702977895
0.04670091439770208,0.05790876826868168,0.6954425125330446,0.6111929082052179
0.04670813171238898,0.05788473845436563,0.6955100750664095,0.6110727238360028
0.046715385516965184,0.05786074269645699,0.6955773950369406,0.6109519131154906
0.04672267603783871,0.05783678244010225,0.6956444690955592,0.6108304719888962
0.046730003499885604,0.05781285913267539,0.695711293903739,0.6107083964231694
0.04673736812633975,0.057788974223360316,0.6957778661344325,0.6105856824088209
0.04674477013868157,0.057765129162729696,0.6958441824730859,0.6104623259617694
0.046752209756526004,0.05774132540231636,0.6959102396185592,0.6103383231252025
0.046759687197509885,0.05771756439418411,0.6959760342841277,0.6102136699714499
0.04676720267718041,0.05769384759050195,0.6960415631984284,0.6100883626038396
0.04677475640888168,0.057670176443107415,0.6961068231064204,0.6099623971585888
0.04678234860364326,0.05764655240307942,0.696171810770359,0.6098357698066643
0.04678997947006627,0.057622976920298115,0.696236522970732,0.6097084767556833
0.046797649214211895,0.057599451443015134,0.6963009565072182,0.6095805142517794
0.046805358039488085,0.05757597741741343,0.6963651081996388,0.6094518785814989
0.046813106146537956,0.057552556287175115,0.6964289748888948,0.6093225660736711
0.046820893733127096,0.05752918949304136,0.6964925534378923,0.6091925731012999
0.046828720994032465,0.05750587847237881,0.696555840732502,0.6090618960834311
0.046836588120930805,0.05748262465874313,0.6966188336824495,0.6089305314870295
0.046844495302287854,0.05745942948144295,0.6966815292222508,0.6087984758288449
0.04685244272324749,0.057436294365103176,0.6967439243121042,0.6086657256772833
0.04686043056552352,0.05741322072923778,0.6968060159388119,0.6085322776542343
0.04686845900728867,0.057390209987809124,0.6968678011166576,0.6083981284369484
0.04687652822306802,0.05736726354880503,0.6969292768882922,0.6082632747598438
0.046884638383630516,0.057344382813804426,0.6969904403256064,0.6081277134163462
0.046892789655882575,0.05732156917755178,0.6970512885305798,0.6079914412606963
0.04690098220276316,0.057298824027536166,0.697111818636161,0.6078544552097367
0.04690921618313845,0.057276148743564494,0.6971720278070827,0.6077167522447071
0.046917491751698806,0.05725354469734547,0.6972319132407016,0.6075783294130037
0.04692580905885594,0.057231013252071056,0.6972914721678105,0.6074391838299382
0.046934168250642824,0.05720855576200685,0.69735070185344,0.6072993126804531
0.0469425694686127,0.05718617357207937,0.6974095995976716,0.607158713220856
0.04695101284974187,0.0571638680174731,0.6974681627363781,0.6070173827804917
0.046959498526331675,0.05714164042322644,0.6975263886420117,0.6068753187634317
0.046968026625914344,0.05711949210383887,0.6975842747243591,0.6067325186501015
0.04697659727115776,0.057097424362871504,0.6976418184312516,0.6065889799989284
0.046985210579774714,0.05707543849256677,0.6976990172493126,0.6064447004479163
0.046993866664430645,0.05705353577345672,0.6977558687046422,0.6062996777162513
0.04700256563265635,0.05703171747399161,0.6978123703635043,0.606153909605823
0.04701130758676013,0.05700998485016298,0.697868519833026,0.6060073940027606
0.047020092623743535,0.05698833914513947,0.6979243147618176,0.605860128878911
0.04702892083521727,0.05696678158890199,0.6979797528406356,0.6057121122933165
0.0470377923073207,0.05694531339789003,0.6980348318030019,0.6055633423936349
0.04704670712064263,0.05692393577465273,0.6980895494257954,0.6054138174175412
0.047055665350144105,0.05690264990750329,0.6981439035298518,0.605263535694099
0.04706466706508395,0.05688145697018474,0.6981978919805292,0.6051124956450864
0.04707371232894574,0.05686035812153813,0.6982515126882592,0.6049606957863033
0.04708280119936774,0.056839354505180996,0.698304763609069,0.6048081347288299
0.04709193372807429,0.05681844724918854,0.6983576427451098,0.6046548111802634
0.04710110996081102,0.05679763746578893,0.6984101481451362,0.6045007239458955
0.04711032993728052,0.056776926251057167,0.6984622779050011,0.6043458719298809
0.047119593691081915,0.056756314684623825,0.6985140301680876,0.604190254136347
0.04712890124965244,0.056735803829387546,0.6985654031257562,0.6040338696704697
0.04713825263421124,0.056715394731236414,0.69861639501777,0.6038767177395159
0.047147647859706564,0.05669508841877841,0.6986670041326685,0.6037187976538303
0.04715708693476429,0.056674885903076413,0.6987172288081706,0.6035601088278046
0.0471665698616401,0.05665478817739497,0.6987670674315126,0.6034006507807846
0.04717609663617414,0.056634796216954504,0.6988165184397849,0.6032404231379407
0.04718566724774759,0.05661491097869107,0.6988655803202602,0.6030794256311076
0.04719528167924325,0.05659513340103063,0.6989142516106702,0.602917658099558
0.047204939907007755,0.056575464403665045,0.6989625308995018,0.6027551204907537
0.047214641900816395,0.05655590488733894,0.6990104168262321,0.602591812861052
0.047224387623842144,0.056536455733649606,0.6990579080815762,0.6024277353763456
0.04723417703262659,0.05651711780485263,0.6991050034076849,0.6022628883126728
0.047244010077052305,0.05649789194367031,0.6991517015983637,0.6020972720568034
0.04725388670032095,0.05647877897312137,0.6991980014992115,0.6019308871067335
0.04726380683893177,0.05645977969634925,0.6992439020078014,0.6017637340721718
0.04727377042266386,0.05644089489646334,0.6992894020737919,0.6015958136749678
0.04728377737456173,0.05642212533639227,0.6993345006990471,0.6014271267494852
0.04729382761092273,0.05640347175874013,0.699379196937729,0.6012576742429432
0.047303921041287826,0.05638493488565474,0.6994234898963534,0.6010874572157083
0.0473140575684353,0.05636651541870619,0.6994673787338698,0.6009164768415338
0.047324237088377664,0.05634821403877517,0.6995108626616535,0.6007447344077484
0.04733445949036073,0.05633003140594695,0.6995539409435413,0.6005722313154114
0.047344724656865664,0.056311968159416644,0.6995966128958168,0.6003989690794163
0.04735503246361454,0.056294024917404505,0.6996388778871743,0.6002249493285394
0.04736538277957761,0.056276202277076956,0.6996807353386779,0.6000501738054591
0.047375775466984515,0.056258500814480715,0.6997221847236895,0.5998746443667105
0.047386210381338535,0.05624092108448869,0.699763225567777,0.59969836298259
0.047396687371431115,0.056223463620740065,0.6998038574486225,0.599521331737056
0.04740720627936302,0.0562061289356109,0.6998440799958743,0.5993435528275193
0.04741776694056503,0.056188917520176775,0.6998838928910288,0.5991650285646414
0.04742836918382331,0.05617182984419162,0.6999232958672483,0.5989857613720556
0.04743901283130644,0.056154866356075736,0.6999622887091882,0.5988057537860594
0.047449697698595694,0.0561380274829087,0.7000008712528113,0.5986250084552552
0.04746042359471833,0.05612131363043709,0.7000390433851464,0.5984435281401377
0.047471190322181986,0.05610472518308253,0.700076805044084,0.5982613157126646
0.047481997677013964,0.05608826250396792,0.7001141562181016,0.5980783741557466
0.04749284544880123,0.056071925934943936,0.7001510969460191,0.597894706562722
0.0475037334207335,0.05605571579662776,0.7001876273166988,0.5977103161367828
0.047514661369650296,0.05603963238845348,0.7002237474687568,0.5975252061903322
0.047525629066087344,0.05602367598872144,0.7002594575902458,0.597339380144353
0.04753663627432867,0.05600784685466448,0.7002947579183242,0.5971528415276801
0.04754768275245982,0.05599214522252094,0.7003296487389047,0.5969655939762549
0.04755876825242229,0.05597657130760929,0.7003641303863094,0.5967776412323564
0.0475698925200724,0.055961125304417464,0.7003982032428694,0.5965889871437593
0.04758105529524117,0.05594580738669799,0.7004318677385672,0.5963996356628734
0.047592256311796956,0.05593061770757048,0.7004651243506113,0.596209590845836
0.04760349529770927,0.055915556399627114,0.7004979736030214,0.5960188568515838
0.047614771975117,0.05590062357505622,0.7005304160662029,0.5958274379408499
0.04762608606039614,0.055885819325761074,0.7005624523565108,0.5956353384751674
0.04763743726423084,0.05587114372349173,0.7005940831357785,0.595442562915816
0.0476488252916874,0.05585659681998678,0.700625309110862,0.5952491158227202
0.047660249842288456,0.05584217864711472,0.7006561310331648,0.5950550018533389
0.04767171061008955,0.055827889217024716,0.7006865496981293,0.5948602257615169
0.04768320728375864,0.05581372852230755,0.7007165659447546,0.5946647923962838
0.04769473954665683,0.055799696536159654,0.7007461806550725,0.594468706700632
0.04770630707691956,0.05578579321254978,0.7007753947536279,0.594271973710284
0.04771790954754202,0.05577201848640033,0.7008042092069465,0.594074598552387
0.04772954662646386,0.05575837227376587,0.7008326250229971,0.5938765864442197
0.04774121797665661,0.05574485447202229,0.7008606432506407,0.5936779426918485
0.047752923256213387,0.055731464960062566,0.700888264979054,0.5934786726887455
0.04776466211843835,0.05571820359849347,0.7009154913371782,0.5932787819144081
0.04777643421193838,0.055705070229838394,0.7009423234931512,0.5930782759329374
0.04778823918071663,0.05569206467874894,0.7009687626536938,0.5928771603915874
0.04780007666426753,0.055679186752220465,0.700994810063545,0.5926754410192815
0.04781194629767088,0.055666436239805266,0.7010204670048499,0.5924731236251466
0.04782384771169035,0.05565381291384154,0.7010457347965613,0.5922702140969697
0.047835780532870624,0.05564131652967798,0.7010706147938274,0.5920667183996724
0.04784774438363679,0.05562894682590723,0.7010951083873765,0.5918626425737484
0.04785973888239496,0.05561670352460242,0.7011192170028864,0.5916579927336759
0.047871763643632166,0.05560458633155283,0.7011429421003728,0.5914527750663402
0.0478838182780197,0.055592594936513376,0.7011662851735504,0.5912469958293947
0.04789590239251558,0.05558072901344858,0.7011892477491807,0.5910406613496347
0.04790801559046788,0.05556898822078284,0.7012118313864676,0.5908337780213544
0.0479201574717192,0.05555737220165323,0.7012340376763755,0.5906263523046803
0.047932327632712594,0.05554588058417181,0.7012558682410115,0.5904183907238783
0.047944525666596134,0.055534512981677026,0.7012773247329571,0.5902098998656808
0.04795675116332984,0.05552326899300154,0.7012984088346236,0.5900008863775704
0.047969003709792526,0.0555121482027362,0.7013191222575993,0.589791356966062
0.04798128288988847,0.05550115018149501,0.7013394667419883,0.5895813183949861
0.04799358828465599,0.05549027448618816,0.7013594440557546,0.5893707774837345
0.048005919472374224,0.05547952066028883,0.7013790559940623,0.589159741105536
0.04801827602867218,0.05546888823410943,0.7013983043786136,0.5889482161856883
0.04803065752663744,0.05545837672507892,0.7014171910569952,0.5887362096997933
0.04804306353692379,0.055447985638012,0.7014357179020081,0.5885237286720082
0.04805549362786109,0.055437714465395097,0.7014538868110015,0.5883107801732549
0.04806794736556327,0.05542756268765964,0.7014716997052336,0.5880973713194562
0.04808042431403723,0.055417529773464556,0.7014891585291956,0.587883509269757
0.048092924035292625,0.055407615179978366,0.7015062652499496,0.5876692012247242
0.04810544608944949,0.055397818353160155,0.7015230218564752,0.5874544544245806
0.04811799003484681,0.05538813872803983,0.7015394303590201,0.5872392761474203
0.04813055542815214,0.05537857572900666,0.7015554927884309,0.5870236737074019
0.04814314182446789,0.055369128770085006,0.7015712111955059,0.5868076544529961
0.04815574877744078,0.05535979725522518,0.7015865876503619,0.5865912257651745
0.048168375839368616,0.05535058057858293,0.7016016242417454,0.5863743950556419
0.048181022561307,0.05534147812480106,0.7016163230764311,0.5861571697650659
0.04819368849317741,0.05533248926929987,0.7016306862785502,0.5859395573612796
0.048206373183872095,0.05532361337855133,0.7016447159889675,0.5857215653375354
0.04821907618135995,0.055314849810365635,0.701658414364628,0.5855032012107385
0.04823179703279251,0.05530619791417463,0.7016717835779483,0.5852844725196749
0.048244535284607364,0.05529765703130757,0.7016848258161646,0.5850653868232802
0.04825729048263319,0.05528922649527618,0.701697543280736,0.5848459516988773
0.04827006217219183,0.05528090563204965,0.7017099381866904,0.5846261747404611
0.048282849898201405,0.05527269376033452,0.7017220127620439,0.5844060635569621
0.04829565320527785,0.05526459019185074,0.7017337692471654,0.5841856257705331
0.04830847163783628,0.05525659423160786,0.70174520989418,0.583964869014837
0.04832130474018998,0.05524870517817487,0.7017563369663748,0.5837438009333695
0.0483341520566504,0.05524092232395653,0.701767152737594,0.5835224291777631
0.04834701313162581,0.05523324495546263,0.7017776594916558,0.5833007614061101
0.048359887509717155,0.05522567235357382,0.7017878595217591,0.5830788052813298
0.048372774735816235,0.055218203793812516,0.7017977551299224,0.5828565684694937
0.048385674355199394,0.05521083854660372,0.7018073486263995,0.5826340586382223
0.048398585913622866,0.05520357587753908,0.7018166423291012,0.582411283455053
0.048411508957415965,0.05519641504763774,0.7018256385630639,0.5821882505858389
0.04842444303357235,0.055189355313602265,0.7018343396598727,0.5819649676931795
0.04843738768984224,0.055182395928077284,0.7018427479571288,0.5817414424348314
0.048450342474820635,0.05517553613989715,0.7018508657978939,0.5815176824621832
0.04846330693803826,0.055168775194344,0.701858695530168,0.5812936954186819
0.04847628063004678,0.05516211233338897,0.7018662395063571,0.5810694889383548
0.04848926310250622,0.05515554679594018,0.7018735000827525,0.5808450706442885
0.048502253908270176,0.055149077818086256,0.701880479619022,0.5806204481471451
0.04851525260146857,0.055142704633333234,0.7018871804776973,0.5803956290437162
0.04852825873759077,0.055136426472842746,0.7018936050236793,0.5801706209154686
0.0485412718735664,0.05513024256566504,0.7018997556237431,0.5799454313271256
0.048554291567845485,0.05512415213896968,0.7019056346460556,0.5797200678252581
0.04856731738047641,0.05511815441827342,0.7019112444596947,0.5794945379369097
